stop_id,stop_name,routes,problem,gap_metres,option_1,option_2,option_3,latitude,longitude,approved
STOP0041,Ghazi Chowk,FRT04 FRT07 FRT13 FRT14,readings disagree,6140,"31.436390,74.291350","31.456512,74.351226","31.456550,74.351330",,,
STOP0043,Bhatti Chowk,FRT05 FRT15 FRT18,readings disagree,213,"31.580454,74.306330","31.580489,74.306411","31.582370,74.306290",,,
STOP0047,Sabzi Mandi,FRT05 FRT13,readings disagree,14317,"31.474600,74.344000","31.600280,74.311980",,,,
STOP0071,Canal,FRT08 FRT10 FRT16,readings disagree,498,"31.518600,74.328065","31.518830,74.327850","31.520520,74.323330",,,
STOP0073,Kalma Chowk,FRT08 FRT13 FRT15 FRT16,readings disagree,252,"31.502936,74.332493","31.503310,74.331590","31.504000,74.330860",,,
STOP0226,Anarkali Metro Station,FRT15,no coordinate in source,,,,,,,
STOP0297,Heir,FRT17,no coordinate in source,,,,,,,
STOP0300,Shahdara,FRT18,no coordinate in source,,,,,,,
STOP0301,Jiya Musa,FRT18,no coordinate in source,,,,,,,
STOP0302,25 Number Stop,FRT18,no coordinate in source,,,,,,,
STOP0303,Rustam Sohrab Factory,FRT18,no coordinate in source,,,,,,,
STOP0304,Yousuf Park,FRT18,no coordinate in source,,,,,,,
STOP0305,Baigum Kot,FRT18,no coordinate in source,,,,,,,
STOP0306,Mairaj Park,FRT18,no coordinate in source,,,,,,,
STOP0307,Chungi Stop,FRT18,no coordinate in source,,,,,,,
