score,metres_apart,verdict,keep_id,keep_name,keep_routes,merge_id,merge_name,merge_routes,same_place
0.973,0,almost certainly same,STOP0065,Kotlakhpat Railway Station,FRT07,STOP0180,Kot Lakhpat Railway Station,FRT13,
0.96,0,almost certainly same,STOP0067,Phattak Mandi Stop,FRT07,STOP0182,Phatak Mandi,FRT13,
0.842,1,almost certainly same,STOP0123,McDonalds 2,FRT11,STOP0235,McDonald,FRT15,
0.917,1,almost certainly same,STOP0124,Main Market-2,FRT11,STOP0236,Main Market,FRT15,
0.96,14,almost certainly same,STOP0284,Shehbaz Sharif Hospital 1,FRT17,STOP0288,Shehbaz Sharif Hospital 2,FRT17,
0.875,15,almost certainly same,STOP0285,Lidher 1,FRT17,STOP0287,Lidher 2,FRT17,
0.933,16,almost certainly same,STOP0283,School Stop Lidher 1,FRT17,STOP0289,School Stop Lidher 2,FRT17,
1.0,27,almost certainly same,STOP0066,Phatki Stop,FRT07,STOP0181,Phatki,FRT13,
0.842,34,almost certainly same,STOP0042,Kot Chungi Amar Sidhu,FRT04,STOP0070,Chungi Amer Sidhu,FRT07,
0.87,34,almost certainly same,STOP0121,McDonald's 1,FRT11,STOP0123,McDonalds 2,FRT11,
0.929,61,check the map,STOP0092,Shimla Pahari,FRT09,STOP0093,Shimla Pahari-2,FRT09,
0.9,80,check the map,STOP0282,Workshop Stop 1,FRT17,STOP0290,Workshop Stop 2,FRT17,
1.0,90,check the map,STOP0040,Qainchi,FRT04,STOP0069,Qainchi Stop,FRT07,
0.947,112,check the map,STOP0257,Wapda Town Gate 1 Stop 1,FRT16,STOP0258,Wapda Town Gate 1 Stop 2,FRT16,
0.909,218,check the map,STOP0125,Mini Market,FRT11 FRT15,STOP0236,Main Market,FRT15,
0.833,219,check the map,STOP0124,Main Market-2,FRT11,STOP0125,Mini Market,FRT11 FRT15,
0.875,228,check the map,STOP0027,Railway Station-2,FRT03,STOP0028,Railway Station,FRT03 FRT09,
0.976,343,probably different,STOP0022,Lari Adda Goal Chaker,FRT03,STOP0045,Lari Adda Gol Chaker,FRT05,
0.857,635,probably different,STOP0310,Kot Abdul Malik,FRT18,STOP0311,Main Bazar Kot Abdul Malik,FRT18,
0.9,2896,probably different,STOP0001,Rana Town,FRT03,STOP0005,Rachna Town,FRT03,
0.833,2972,probably different,STOP0082,PCSIR-1,FRT08,STOP0260,PCSIR,FRT16,
1.0,3042,probably different,STOP0032,Defence Mor,FRT04,STOP0215,Defence Chowk,FRT14,
1.0,3513,probably different,STOP0071,Canal,FRT08 FRT10 FRT16,STOP0154,Canal Bridge,FRT12,
0.909,7531,probably different,STOP0121,McDonald's 1,FRT11,STOP0249,McDonald's,FRT16,
0.857,7535,probably different,STOP0123,McDonalds 2,FRT11,STOP0249,McDonald's,FRT16,
0.889,7536,probably different,STOP0235,McDonald,FRT15,STOP0249,McDonald's,FRT16,
1.0,8103,probably different,STOP0156,Club Road,FRT12,STOP0245,Club Chowk,FRT16,
0.889,9294,probably different,STOP0038,Workshop,FRT04,STOP0290,Workshop Stop 2,FRT17,
0.889,9373,probably different,STOP0038,Workshop,FRT04,STOP0282,Workshop Stop 1,FRT17,
0.833,14490,probably different,STOP0043,Bhatti Chowk,FRT05 FRT15 FRT18,STOP0217,Bhatta Chowk,FRT14,
1.0,21595,probably different,STOP0004,College Road,FRT03,STOP0035,College Stop,FRT04,
0.941,29800,probably different,STOP0190,5 Number Stop,FRT14,STOP0302,25 Number Stop,FRT18,
