route_id,route_type,system,origin,destination,stop_count,fare_rs,currency,operating_hours,headway_note,source_url,source_status
FRT03,Feeder,Lahore Feeder Route (Phase I),Rana Town,Railway Station,28,20,PKR,06:00-23:00,Monday-Saturday peak 7-15 min; off-peak 7-20 min; Sunday 20-30 min,https://pma.punjab.gov.pk/node/466,Official PMA current route page
FRT04,Feeder,Lahore Feeder Route (Phase I),R.A Bazar,Chungi Amar Sidhu,14,20,PKR,06:00-23:00,Monday-Saturday peak 7-15 min; off-peak 7-20 min; Sunday 20-30 min,https://pma.punjab.gov.pk/node/469,Official PMA current route page
FRT05,Feeder,Lahore Feeder Route (Phase I),Bhatti Chowk,Shadbagh Underpass,12,20,PKR,06:00-23:00,Monday-Saturday peak 7-15 min; off-peak 7-20 min; Sunday 20-30 min,https://pma.punjab.gov.pk/node/470,Official PMA current route page
FRT07,Feeder,Lahore Feeder Route (Phase I),Depot Chowk,Chungi Amer Sidhu,17,20,PKR,06:00-23:00,Monday-Saturday peak 7-15 min; off-peak 7-20 min; Sunday 20-30 min,https://pma.punjab.gov.pk/node/482,Official PMA current route page
FRT08,Feeder,Lahore Feeder Route (Phase I),Canal,Daewoo Terminal,19,20,PKR,06:00-23:00,Monday-Saturday peak 7-15 min; off-peak 7-20 min; Sunday 20-30 min,https://pma.punjab.gov.pk/node/483,Official PMA current route page
FRT09,Feeder,Lahore Feeder Route (Phase I),Railway Station,Chuburji,12,20,PKR,06:00-23:00,Monday-Saturday peak 7-15 min; off-peak 7-20 min; Sunday 20-30 min,https://pma.punjab.gov.pk/node/484,Official PMA current route page
FRT10,Feeder,Lahore Feeder Route (Phase I),Wahdat Road Station,Qartaba Chowk,22,20,PKR,06:00-23:00,Monday-Saturday peak 7-15 min; off-peak 7-20 min; Sunday 20-30 min,https://pma.punjab.gov.pk/node/485,Official PMA current route page
FRT11,Feeder,Lahore Feeder Route (Phase I),Main Market Gulberg,Babu Sabu,28,20,PKR,06:00-23:00,Monday-Saturday peak 7-15 min; off-peak 7-20 min; Sunday 20-30 min,https://pma.punjab.gov.pk/node/486,Official PMA current route page
FRT12,Feeder,Lahore Feeder Route (Phase I),R.A Bazar,Nasir Bagh,23,20,PKR,06:00-23:00,Monday-Saturday peak 7-15 min; off-peak 7-20 min; Sunday 20-30 min,https://pma.punjab.gov.pk/node/487,Official PMA current route page
FRT13,Feeder,Lahore Feeder Route (Phase I),Depot Chowk,Kalma Chowk,29,20,PKR,06:00-23:00,Monday-Saturday peak 7-15 min; off-peak 7-20 min; Sunday 20-30 min,https://pma.punjab.gov.pk/node/520,Official PMA current route page
FRT14,Feeder,Lahore Feeder Route (Phase I),Purana Kahna,R.A Bazar,37,20,PKR,06:00-23:00,Monday-Saturday peak 7-15 min; off-peak 7-20 min; Sunday 20-30 min,https://pma.punjab.gov.pk/node/523,Official PMA current route page
FRT15,Feeder,Lahore Feeder Route (Phase I),Bhatti Chowk,R.A Bazar,27,20,PKR,06:00-23:00,Monday-Saturday peak 7-15 min; off-peak 7-20 min; Sunday 20-30 min,https://pma.punjab.gov.pk/node/524,Official PMA current route page
FRT16,Feeder,Lahore Feeder Route (Phase I),Canal,Daewoo Terminal,35,20,PKR,06:00-23:00,Monday-Saturday peak 7-15 min; off-peak 7-20 min; Sunday 20-30 min,https://pma.punjab.gov.pk/node/551,Official PMA current route page
FRT17,Feeder,Lahore Feeder Route (Phase I),Gajjumata,Rangers Wing Headquarter,35,20,PKR,06:00-23:00,Monday-Saturday peak 7-15 min; off-peak 7-20 min; Sunday 20-30 min,https://pma.punjab.gov.pk/node/552,Official PMA current route page
FRT18,Feeder,Lahore Feeder Route (Phase I),Bhatti Chowk,Mandiali Toll Plaza,25,20,PKR,06:00-23:00,Monday-Saturday peak 7-15 min; off-peak 7-20 min; Sunday 20-30 min,https://pma.punjab.gov.pk/node/553,Official PMA current route page
LMB-L1,Metrobus,Lahore Metrobus System,Gajjumata,Shahdara,27,30,PKR,06:00-22:00,2.25-3 min; last hour 6 min from Gajjumata to Shahdara,https://pma.punjab.gov.pk/node/12,Official PMA current system page
